User ID,Password,email
15770950,Abcd@1234,
15780436,Check@123,
15780442,Bhim@123,
15780445,Password@123,
15780439,Prince@123,
15792177,Check@123,
15792180,Check@123,
15792191,Check@123,
15792193,Check@123,
15792200,Check@123,
15792205,Check@123,
15792273,Check@123,
15792266,Check@123,
15792277,Check@123,
15792281,Check@123,
15792284,Check@123,
15792299,Check@123,
15792300,Check@123,
15792303,Check@123,
15792304,Check@123,
15792312,Check@123,
15792325,Check@123,
15792330,Check@123,
15792337,Check@123,
15792342,Check@123,
15792348,Check@123,
15792357,Check@123,
15792363,Check@123,
15792371,Check@123,
15792377,Check@123,
15792392,Check@123,thesuperusercc+1@gmail.com
15792387,Check@123,
15792409,Check@123,thesuperuserc+2@gmail.com
15792418,Check@123,thesuperuserc+3@gmail.com
15792425,Check@123,thesuperuserc+4@gmail.com
15792437,Check@123,
15792424,Check@123,
15792436,Check@123,
15792451,Check@123,thesuperuserc+5@gmail.com
15792466,Check@123,
15792445,Check@123,
15792447,Check@123,
15792474,Check@123,thesuperuserc+6@gmail.com
15792454,Check@123,thesuperuserc+7@gmail.com
15792482,Check@123,
15792488,Check@123,
15792498,Check@123,
15792506,Check@123,
15792511,Check@123,
15792517,Check@123,
15792521,Check@123,
15792530,Check@123,
15792534,Check@123,
15792542,Check@123,
15792553,Check@123,
15792560,Check@123,
15792567,Check@123,
15792465,Check@123,
15792478,Check@123,
15792492,Check@123,
15792507,Check@123,
15792519,Check@123,
15792528,Check@123,
15792536,Check@123,
15792545,Check@123,
15792571,Check@123,
15792588,Check@123,
15792599,Check@123,
15792610,Check@123,
15792615,Check@123,
15792630,Check@123,
15792644,Check@123,
15792647,Check@123,
15792579,Check@123,
15792589,Check@123,
15792595,Check@123,
15792607,Check@123,
15792468,Check@123,thesuperuserc+8@gmail.com
15792473,Check@123,thesuperuserc+9@gmail.com
15792479,Check@123,thesuperuserc+10@gmail.com
15792486,Check@123,thesuperuserc+11@gmail.com
15792499,Check@123,thesuperuserc+12@gmail.com
15792504,Check@123,thesuperuserc+13@gmail.com
15792559,Check@123,
15792568,Check@123,thesuperuserc+14@gmail.com
15792576,Check@123,thesuperuserc+15@gmail.com
15792586,Check@123,thesuperuserc+16@gmail.com
15792596,Check@123,thesuperuserc+17@gmail.com
15792618,Check@123,thesuperuserc+20@gmail.com
15792627,Check@123,thesuperuserc+21@gmail.com
15792636,Check@123,thesuperuserc+22@gmail.com
15792652,Check@123,thesuperuserc+23@gmail.com
15792657,Check@123,thesuperuserc+24@gmail.com
15792662,Check@123,thesuperuserc+25@gmail.com
15792667,Check@123,thesuperuserc+27@gmail.com
15792664,Check@123,
15792659,Check@123,
15792467,Check@123,
15792487,Check@123,
15792497,Check@123,
15792505,Check@123,
15792512,Check@123,
15792518,Check@123,
15792527,Check@123,
15792533,Check@123,
15792541,Check@123,
15792551,Check@123,
15792564,Check@123,
15792570,Check@123,
15792578,Check@123,
15792587,Check@123,
15792594,Check@123,
15792602,Check@123,
15792614,Check@123,
15792626,Check@123,
15792634,Check@123,
15792645,Check@123,
15792656,Check@123,
15792675,Check@123,